country,location_name,n_obs,first_date,last_date,span_days,n_gaps
Afghanistan,Kabul,760,2024-05-16 00:00:00+00:00,2026-06-16 00:00:00+00:00,761,3
Ukraine,Kyiv,760,2024-05-16 00:00:00+00:00,2026-06-16 00:00:00+00:00,761,3
Yemen,Sanaa,760,2024-05-16 00:00:00+00:00,2026-06-16 00:00:00+00:00,761,4
Burundi,Bujumbura,760,2024-05-16 00:00:00+00:00,2026-06-16 00:00:00+00:00,761,3
Chad,N'djamena,760,2024-05-16 00:00:00+00:00,2026-06-16 00:00:00+00:00,761,3
Fiji Islands,Suva,760,2024-05-16 00:00:00+00:00,2026-06-16 00:00:00+00:00,761,3
Eritrea,Asmara,760,2024-05-16 00:00:00+00:00,2026-06-16 00:00:00+00:00,761,3
Vatican City,Vatican City,760,2024-05-16 00:00:00+00:00,2026-06-16 00:00:00+00:00,761,3
Uzbekistan,Tashkent,760,2024-05-16 00:00:00+00:00,2026-06-16 00:00:00+00:00,761,3
Ghana,Accra,760,2024-05-16 00:00:00+00:00,2026-06-16 00:00:00+00:00,761,3
Iraq,Baghdad,760,2024-05-16 00:00:00+00:00,2026-06-16 00:00:00+00:00,761,3
Jordan,Amman,760,2024-05-16 00:00:00+00:00,2026-06-16 00:00:00+00:00,761,3
Japan,Tokyo,760,2024-05-16 00:00:00+00:00,2026-06-16 00:00:00+00:00,761,4
Poland,Warsaw,760,2024-05-16 00:00:00+00:00,2026-06-16 00:00:00+00:00,761,3
Senegal,Dakar,760,2024-05-16 00:00:00+00:00,2026-06-16 00:00:00+00:00,761,3
Equatorial Guinea,Malabo,760,2024-05-16 00:00:00+00:00,2026-06-16 00:00:00+00:00,761,3
Malta,Valletta,760,2024-05-16 00:00:00+00:00,2026-06-16 00:00:00+00:00,761,3
Singapore,Singapore,759,2024-05-16 00:00:00+00:00,2026-06-16 00:00:00+00:00,761,5
Zambia,Lusaka,759,2024-05-16 00:00:00+00:00,2026-06-16 00:00:00+00:00,761,4
South Africa,Pretoria,759,2024-05-16 00:00:00+00:00,2026-06-16 00:00:00+00:00,761,4
Slovakia,Bratislava,759,2024-05-16 00:00:00+00:00,2026-06-16 00:00:00+00:00,761,4
Serbia,Belgrade,759,2024-05-16 00:00:00+00:00,2026-06-16 00:00:00+00:00,761,4
Cape Verde,Praia,759,2024-05-16 00:00:00+00:00,2026-06-16 00:00:00+00:00,761,4
United Arab Emirates,Abu Dhabi,759,2024-05-16 00:00:00+00:00,2026-06-16 00:00:00+00:00,761,4
Uganda,Kampala,759,2024-05-16 00:00:00+00:00,2026-06-16 00:00:00+00:00,761,4
Tuvalu,Funafuti,759,2024-05-16 00:00:00+00:00,2026-06-16 00:00:00+00:00,761,4
Angola,Luanda,759,2024-05-16 00:00:00+00:00,2026-06-16 00:00:00+00:00,761,4
Botswana,Gaborone,759,2024-05-16 00:00:00+00:00,2026-06-16 00:00:00+00:00,761,4
Burkina Faso,Ouagadougou,759,2024-05-16 00:00:00+00:00,2026-06-16 00:00:00+00:00,761,4
Bosnia and Herzegovina,Sarajevo,759,2024-05-16 00:00:00+00:00,2026-06-16 00:00:00+00:00,761,4
Slovenia,Ljubljana,759,2024-05-16 00:00:00+00:00,2026-06-16 00:00:00+00:00,761,4
Spain,Madrid,759,2024-05-16 00:00:00+00:00,2026-06-16 00:00:00+00:00,761,4
Sri Lanka,Colombo,759,2024-05-16 00:00:00+00:00,2026-06-16 00:00:00+00:00,761,4
Switzerland,Bern,759,2024-05-16 00:00:00+00:00,2026-06-16 00:00:00+00:00,761,4
Andorra,Andorra La Vella,759,2024-05-16 00:00:00+00:00,2026-06-16 00:00:00+00:00,761,4
Italy,Rome,759,2024-05-16 00:00:00+00:00,2026-06-16 00:00:00+00:00,761,4
Madagascar,Antananarivo,759,2024-05-16 00:00:00+00:00,2026-06-16 00:00:00+00:00,761,4
Germany,Berlin,759,2024-05-16 00:00:00+00:00,2026-06-16 00:00:00+00:00,761,4
Hungary,Budapest,759,2024-05-16 00:00:00+00:00,2026-06-16 00:00:00+00:00,761,4
Vanuatu,Port Vila,759,2024-05-16 00:00:00+00:00,2026-06-16 00:00:00+00:00,761,8
Bahrain,Manama,759,2024-05-16 00:00:00+00:00,2026-06-16 00:00:00+00:00,761,4
Armenia,Yerevan,759,2024-05-16 00:00:00+00:00,2026-06-16 00:00:00+00:00,761,4
Indonesia,Jakarta,759,2024-05-16 00:00:00+00:00,2026-06-16 00:00:00+00:00,761,4
Malawi,Lilongwe,759,2024-05-16 00:00:00+00:00,2026-06-16 00:00:00+00:00,761,4
Kenya,Nairobi,759,2024-05-16 00:00:00+00:00,2026-06-16 00:00:00+00:00,761,4
Mozambique,Maputo,759,2024-05-16 00:00:00+00:00,2026-06-16 00:00:00+00:00,761,4
Solomon Islands,Honiara,759,2024-05-16 00:00:00+00:00,2026-06-16 00:00:00+00:00,761,8
Niger,Niamey,759,2024-05-16 00:00:00+00:00,2026-06-16 00:00:00+00:00,761,4
Netherlands,Amsterdam,759,2024-05-16 00:00:00+00:00,2026-06-16 00:00:00+00:00,761,4
Russia,Moscow,759,2024-05-16 00:00:00+00:00,2026-06-16 00:00:00+00:00,761,4
Rwanda,Kigali,759,2024-05-16 00:00:00+00:00,2026-06-16 00:00:00+00:00,761,4
Finland,Helsinki,759,2024-05-16 00:00:00+00:00,2026-06-16 00:00:00+00:00,761,4
Marshall Islands,Majuro,759,2024-05-16 00:00:00+00:00,2026-06-16 00:00:00+00:00,761,4
Papua New Guinea,Port Moresby,759,2024-05-16 00:00:00+00:00,2026-06-16 00:00:00+00:00,761,5
Namibia,Windhoek,759,2024-05-16 00:00:00+00:00,2026-06-16 00:00:00+00:00,761,4
Nigeria,Abuja,759,2024-05-16 00:00:00+00:00,2026-06-16 00:00:00+00:00,761,4
Oman,Muscat,759,2024-05-16 00:00:00+00:00,2026-06-16 00:00:00+00:00,761,4
Cyprus,Nicosia,759,2024-05-16 00:00:00+00:00,2026-06-16 00:00:00+00:00,761,4
Tanzania,Dodoma,758,2024-05-16 00:00:00+00:00,2026-06-16 00:00:00+00:00,761,5
Bulgaria,Sofia,758,2024-05-16 00:00:00+00:00,2026-06-16 00:00:00+00:00,761,5
Turkmenistan,Ashgabat,758,2024-05-16 00:00:00+00:00,2026-06-16 00:00:00+00:00,761,5
Albania,Tirana,758,2024-05-16 00:00:00+00:00,2026-06-16 00:00:00+00:00,761,5
Central African Republic,Bangui,758,2024-05-16 00:00:00+00:00,2026-06-16 00:00:00+00:00,761,5
Sweden,Stockholm,758,2024-05-16 00:00:00+00:00,2026-06-16 00:00:00+00:00,761,5
Benin,Porto-Novo,758,2024-05-16 00:00:00+00:00,2026-06-16 00:00:00+00:00,761,5
Thailand,Nan,758,2024-05-16 00:00:00+00:00,2026-06-16 00:00:00+00:00,761,5
Thailand,Bangkok,758,2024-05-16 00:00:00+00:00,2026-06-16 00:00:00+00:00,761,5
South Korea,Seoul,758,2024-05-16 00:00:00+00:00,2026-06-16 00:00:00+00:00,761,7
Syria,Damascus,758,2024-05-16 00:00:00+00:00,2026-06-16 00:00:00+00:00,761,5
Malaysia,Kuala Lumpur,758,2024-05-16 00:00:00+00:00,2026-06-16 00:00:00+00:00,761,6
Gabon,Libreville,758,2024-05-16 00:00:00+00:00,2026-06-16 00:00:00+00:00,761,5
Mauritius,Port Louis,758,2024-05-16 00:00:00+00:00,2026-06-16 00:00:00+00:00,761,5
Mali,Bamako,758,2024-05-16 00:00:00+00:00,2026-06-16 00:00:00+00:00,761,5
France,Paris,758,2024-05-16 00:00:00+00:00,2026-06-16 00:00:00+00:00,761,5
Nepal,Kathmandu,758,2024-05-16 00:00:00+00:00,2026-06-16 00:00:00+00:00,761,5
Denmark,Copenhagen,758,2024-05-16 00:00:00+00:00,2026-06-16 00:00:00+00:00,761,5
Portugal,Lisbon,758,2024-05-16 00:00:00+00:00,2026-06-16 00:00:00+00:00,761,5
Saudi Arabia,Riyadh,758,2024-05-16 00:00:00+00:00,2026-06-16 00:00:00+00:00,761,5
Saint Lucia,Castries,758,2024-05-16 00:00:00+00:00,2026-06-16 00:00:00+00:00,761,5
New Zealand,Wellington,758,2024-05-16 00:00:00+00:00,2026-06-16 00:00:00+00:00,761,11
Mongolia,Ulaanbaatar,758,2024-05-16 00:00:00+00:00,2026-06-16 00:00:00+00:00,761,6
Mauritania,Nouakchott,758,2024-05-16 00:00:00+00:00,2026-06-16 00:00:00+00:00,761,5
Guinea,Conakry,758,2024-05-16 00:00:00+00:00,2026-06-16 00:00:00+00:00,761,5
Kazakhstan,Astana,758,2024-05-16 00:00:00+00:00,2026-06-16 00:00:00+00:00,761,5
Kyrghyzstan,Bishkek,758,2024-05-16 00:00:00+00:00,2026-06-16 00:00:00+00:00,761,5
Lebanon,Beirut,758,2024-05-16 00:00:00+00:00,2026-06-16 00:00:00+00:00,761,5
Lithuania,Vilnius,758,2024-05-16 00:00:00+00:00,2026-06-16 00:00:00+00:00,761,5
Liechtenstein,Vaduz,758,2024-05-16 00:00:00+00:00,2026-06-16 00:00:00+00:00,761,5
Liberia,Monrovia,758,2024-05-16 00:00:00+00:00,2026-06-16 00:00:00+00:00,761,5
Guinea-Bissau,Bissau,758,2024-05-16 00:00:00+00:00,2026-06-16 00:00:00+00:00,761,5
Israel,Jerusalem,758,2024-05-16 00:00:00+00:00,2026-06-16 00:00:00+00:00,761,5
Vietnam,Hanoi,758,2024-05-16 00:00:00+00:00,2026-06-16 00:00:00+00:00,761,5
Iran,Tehran,758,2024-05-16 00:00:00+00:00,2026-06-16 00:00:00+00:00,761,5
Belarus,Minsk,758,2024-05-16 00:00:00+00:00,2026-06-16 00:00:00+00:00,761,5
Uruguay,Montevideo,758,2024-05-16 00:00:00+00:00,2026-06-16 00:00:00+00:00,761,5
Bangladesh,Dhaka,758,2024-05-16 00:00:00+00:00,2026-06-16 00:00:00+00:00,761,5
Azerbaijan,Baku,758,2024-05-16 00:00:00+00:00,2026-06-16 00:00:00+00:00,761,5
Austria,Vienna,758,2024-05-16 00:00:00+00:00,2026-06-16 00:00:00+00:00,761,5
Australia,Canberra,758,2024-05-16 00:00:00+00:00,2026-06-16 00:00:00+00:00,761,7
Argentina,Buenos Aires,757,2024-05-16 00:00:00+00:00,2026-06-16 00:00:00+00:00,761,6
Belgium,Brussels,757,2024-05-16 00:00:00+00:00,2026-06-16 00:00:00+00:00,761,6
Barbados,Bridgetown,757,2024-05-16 00:00:00+00:00,2026-06-16 00:00:00+00:00,761,6
United Kingdom,London,757,2024-05-16 00:00:00+00:00,2026-06-16 00:00:00+00:00,761,6
Indonesia,Laos,757,2024-05-16 00:00:00+00:00,2026-06-16 00:00:00+00:00,761,6
India,New Delhi,757,2024-05-16 00:00:00+00:00,2026-06-16 00:00:00+00:00,761,6
Venezuela,Caracas,757,2024-05-16 00:00:00+00:00,2026-06-16 00:00:00+00:00,761,6
Kuwait,Kuwait City,757,2024-05-16 00:00:00+00:00,2026-06-16 00:00:00+00:00,761,6
Latvia,Riga,757,2024-05-16 00:00:00+00:00,2026-06-16 00:00:00+00:00,761,6
Lesotho,Maseru,757,2024-05-16 00:00:00+00:00,2026-06-16 00:00:00+00:00,761,6
Kiribati,Tarawa,757,2024-05-16 00:00:00+00:00,2026-06-16 00:00:00+00:00,761,6
Saint Kitts and Nevis,Basseterre,757,2024-05-16 00:00:00+00:00,2026-06-16 00:00:00+00:00,761,6
Somalia,Mogadishu,757,2024-05-16 00:00:00+00:00,2026-06-16 00:00:00+00:00,761,6
Sudan,Khartoum,757,2024-05-16 00:00:00+00:00,2026-06-16 00:00:00+00:00,761,6
Canada,Ottawa,757,2024-05-16 00:00:00+00:00,2026-06-16 00:00:00+00:00,761,6
Tunisia,Tunis,757,2024-05-16 00:00:00+00:00,2026-06-16 00:00:00+00:00,761,6
Romania,Bucharest,757,2024-05-16 00:00:00+00:00,2026-06-16 00:00:00+00:00,761,6
Philippines,Manila,757,2024-05-16 00:00:00+00:00,2026-06-16 00:00:00+00:00,761,6
Czech Republic,Prague,757,2024-05-16 00:00:00+00:00,2026-06-16 00:00:00+00:00,761,6
Qatar,Doha,757,2024-05-16 00:00:00+00:00,2026-06-16 00:00:00+00:00,761,6
Montenegro,Podgorica,757,2024-05-16 00:00:00+00:00,2026-06-16 00:00:00+00:00,761,6
Norway,Oslo,757,2024-05-16 00:00:00+00:00,2026-06-16 00:00:00+00:00,761,6
North Korea,Pyongyang,757,2024-05-16 00:00:00+00:00,2026-06-16 00:00:00+00:00,761,7
Pakistan,Islamabad,757,2024-05-16 00:00:00+00:00,2026-06-16 00:00:00+00:00,761,6
Morocco,Rabat,757,2024-05-16 00:00:00+00:00,2026-06-16 00:00:00+00:00,761,6
Estonia,Tallinn,757,2024-05-16 00:00:00+00:00,2026-06-16 00:00:00+00:00,761,6
Egypt,Cairo,757,2024-05-16 00:00:00+00:00,2026-06-16 00:00:00+00:00,761,6
Zimbabwe,Harare,757,2024-05-16 00:00:00+00:00,2026-06-16 00:00:00+00:00,761,6
Brunei Darussalam,Bandar Seri Begawan,757,2024-05-16 00:00:00+00:00,2026-06-16 00:00:00+00:00,761,7
Algeria,Algiers,757,2024-05-16 00:00:00+00:00,2026-06-16 00:00:00+00:00,761,6
Turkey,Ankara,757,2024-05-16 00:00:00+00:00,2026-06-16 00:00:00+00:00,761,6
Bhutan,Thimphu,757,2024-05-16 00:00:00+00:00,2026-06-16 00:00:00+00:00,761,6
Tajikistan,Dushanbe,757,2024-05-16 00:00:00+00:00,2026-06-16 00:00:00+00:00,761,6
Ethiopia,Addis Ababa,756,2024-05-16 00:00:00+00:00,2026-06-16 00:00:00+00:00,761,7
Comoros,Moroni,756,2024-05-16 00:00:00+00:00,2026-06-16 00:00:00+00:00,761,7
Djibouti,Djibouti,756,2024-05-16 00:00:00+00:00,2026-06-16 00:00:00+00:00,761,7
Croatia,Zagreb,756,2024-05-16 00:00:00+00:00,2026-06-16 00:00:00+00:00,761,7
Georgia,Tbilisi,756,2024-05-16 00:00:00+00:00,2026-06-16 00:00:00+00:00,761,7
Micronesia,Palikir,756,2024-05-16 00:00:00+00:00,2026-06-16 00:00:00+00:00,761,11
Panama,Panama City,756,2024-05-16 00:00:00+00:00,2026-06-16 00:00:00+00:00,761,7
Dominican Republic,Santo Domingo,756,2024-05-16 00:00:00+00:00,2026-06-16 00:00:00+00:00,761,7
Congo,Brazzaville,756,2024-05-16 00:00:00+00:00,2026-06-16 00:00:00+00:00,761,7
Democratic Republic of Congo,Kinshasa,756,2024-05-16 00:00:00+00:00,2026-06-16 00:00:00+00:00,761,7
Ireland,Dublin,756,2024-05-16 00:00:00+00:00,2026-06-16 00:00:00+00:00,761,7
Luxembourg,Luxembourg,756,2024-05-16 00:00:00+00:00,2026-06-16 00:00:00+00:00,761,7
Haiti,Port-Au-Prince,756,2024-05-16 00:00:00+00:00,2026-06-16 00:00:00+00:00,761,7
Chile,Santiago,756,2024-05-16 00:00:00+00:00,2026-06-16 00:00:00+00:00,761,7
Cambodia,Phnom Penh,756,2024-05-16 00:00:00+00:00,2026-06-16 00:00:00+00:00,761,7
Sierra Leone,Freetown,756,2024-05-16 00:00:00+00:00,2026-06-16 00:00:00+00:00,761,7
Turkey,Yaren,756,2024-05-16 00:00:00+00:00,2026-06-16 00:00:00+00:00,761,7
Sudan,Juba,756,2024-05-16 00:00:00+00:00,2026-06-16 00:00:00+00:00,761,7
Trinidad and Tobago,Port Of Spain,756,2024-05-16 00:00:00+00:00,2026-06-16 00:00:00+00:00,761,7
China,Beijing,756,2024-05-16 00:00:00+00:00,2026-06-16 00:00:00+00:00,761,8
Suriname,Paramaribo,756,2024-05-16 00:00:00+00:00,2026-06-16 00:00:00+00:00,761,7
Saint Vincent and the Grenadines,Kingstown,756,2024-05-16 00:00:00+00:00,2026-06-16 00:00:00+00:00,761,7
Seychelles Islands,Victoria,756,2024-05-16 00:00:00+00:00,2026-06-16 00:00:00+00:00,761,7
Timor-Leste,Dili,755,2024-05-16 00:00:00+00:00,2026-06-16 00:00:00+00:00,761,9
Guyana,Georgetown,755,2024-05-16 00:00:00+00:00,2026-06-16 00:00:00+00:00,761,8
Greece,Athens,755,2024-05-16 00:00:00+00:00,2026-06-16 00:00:00+00:00,761,8
Gambia,Banjul,755,2024-05-16 00:00:00+00:00,2026-06-16 00:00:00+00:00,761,8
Mexico,Mexico City,755,2024-05-16 00:00:00+00:00,2026-06-16 00:00:00+00:00,761,9
Cuba,Havana,755,2024-05-16 00:00:00+00:00,2026-06-16 00:00:00+00:00,761,8
Antigua and Barbuda,Saint John's,755,2024-05-16 00:00:00+00:00,2026-06-16 00:00:00+00:00,761,8
Tonga,Nuku`Aloia,755,2024-05-16 00:00:00+00:00,2026-06-16 00:00:00+00:00,761,18
Dominica,Roseau,755,2024-05-16 00:00:00+00:00,2026-06-16 00:00:00+00:00,761,8
Monaco,Monaco,755,2024-05-16 00:00:00+00:00,2026-06-16 00:00:00+00:00,761,8
San Marino,San Marino,755,2024-05-16 00:00:00+00:00,2026-06-16 00:00:00+00:00,761,8
Belize,Belmopan,754,2024-05-16 00:00:00+00:00,2026-06-16 00:00:00+00:00,761,9
Ecuador,Quito,754,2024-05-16 00:00:00+00:00,2026-06-16 00:00:00+00:00,761,9
Honduras,Tegucigalpa,754,2024-05-16 00:00:00+00:00,2026-06-16 00:00:00+00:00,761,9
Peru,Lima,754,2024-05-16 00:00:00+00:00,2026-06-16 00:00:00+00:00,761,9
Macedonia,Skopje,753,2024-05-16 00:00:00+00:00,2026-06-16 00:00:00+00:00,761,10
Grenada,Saint George's,753,2024-05-16 00:00:00+00:00,2026-06-16 00:00:00+00:00,761,10
Bolivia,Sucre,753,2024-05-16 00:00:00+00:00,2026-06-16 00:00:00+00:00,761,10
Bahamas,Nassau,753,2024-05-16 00:00:00+00:00,2026-06-16 00:00:00+00:00,761,10
Nicaragua,Managua,753,2024-05-16 00:00:00+00:00,2026-06-16 00:00:00+00:00,761,10
Bolivia,National,753,2024-05-16 00:00:00+00:00,2026-06-16 00:00:00+00:00,761,10
Samoa,Apia,753,2024-05-16 00:00:00+00:00,2026-06-16 00:00:00+00:00,761,17
Brazil,Bras,753,2024-05-16 00:00:00+00:00,2026-06-16 00:00:00+00:00,761,10
Guatemala,Guatemala City,752,2024-05-16 00:00:00+00:00,2026-06-16 00:00:00+00:00,761,11
El Salvador,San Salvador,752,2024-05-16 00:00:00+00:00,2026-06-16 00:00:00+00:00,761,11
Swaziland,Mbabane,745,2024-05-16 00:00:00+00:00,2026-06-04 00:00:00+00:00,749,6
United States of America,Washington Harbor,733,2024-05-31 00:00:00+00:00,2026-06-15 00:00:00+00:00,745,19
Maldives,Dhidhdhoo,720,2024-06-20 00:00:00+00:00,2026-06-16 00:00:00+00:00,726,7
Iran,Chi Chi Khvar,715,2024-05-16 00:00:00+00:00,2026-06-16 00:00:00+00:00,761,48
Bulgaria,Bogot,651,2024-05-16 00:00:00+00:00,2026-06-15 00:00:00+00:00,760,111
Madagascar,Ivory,458,2024-05-16 00:00:00+00:00,2025-08-20 00:00:00+00:00,461,5
Costa Rica,San Ignacio,439,2024-05-31 00:00:00+00:00,2025-08-20 00:00:00+00:00,446,8
Belgium,'S Gravenjansdijk,431,2024-05-31 00:00:00+00:00,2025-08-20 00:00:00+00:00,446,16
Cameroon,Ngaoundere,424,2024-06-20 00:00:00+00:00,2025-08-20 00:00:00+00:00,426,3
Myanmar,Yangon,424,2024-06-20 00:00:00+00:00,2025-08-20 00:00:00+00:00,426,3
Iceland,Vestmannaeyjar,424,2024-06-20 00:00:00+00:00,2025-08-20 00:00:00+00:00,426,3
Paraguay,Aurora,423,2024-06-20 00:00:00+00:00,2025-08-20 00:00:00+00:00,426,4
Jamaica,Port Royal,420,2024-06-20 00:00:00+00:00,2025-08-20 00:00:00+00:00,426,7
Vietnam,Ban Lom,411,2024-06-22 00:00:00+00:00,2025-08-20 00:00:00+00:00,424,14
Palau,Airai,371,2024-08-15 00:00:00+00:00,2025-08-20 00:00:00+00:00,370,0
Palau,Koror,338,2024-06-20 00:00:00+00:00,2026-06-03 00:00:00+00:00,713,376
Bulgaria,Lom,330,2024-05-16 00:00:00+00:00,2026-06-15 00:00:00+00:00,760,432
Myanmar,Rangoon,307,2024-05-31 00:00:00+00:00,2026-06-04 00:00:00+00:00,734,428
Cote d'Ivoire,Yamoussoukro,297,2025-08-21 00:00:00+00:00,2026-06-16 00:00:00+00:00,299,3
Jamaica,Kingston,293,2024-06-25 00:00:00+00:00,2026-06-15 00:00:00+00:00,720,428
Cameroon,Douala,288,2024-06-25 00:00:00+00:00,2026-06-04 00:00:00+00:00,709,422
Iceland,Reykjavik,285,2024-06-25 00:00:00+00:00,2026-06-04 00:00:00+00:00,709,425
Costa Rica,San Jose,284,2025-08-21 00:00:00+00:00,2026-06-03 00:00:00+00:00,286,3
Belgium,'S-Gravenbrakel,206,2025-08-22 00:00:00+00:00,2026-06-16 00:00:00+00:00,298,93
Paraguay,Aguaray,178,2025-08-21 00:00:00+00:00,2026-04-26 00:00:00+00:00,248,71
Hungary,Bogot,105,2025-08-31 00:00:00+00:00,2026-06-16 00:00:00+00:00,289,185
Paraguay,Garrapata,89,2025-08-22 00:00:00+00:00,2026-06-16 00:00:00+00:00,298,210
Switzerland,S-Chanf,50,2025-08-21 00:00:00+00:00,2026-05-27 00:00:00+00:00,279,230
Vietnam,S. Manian,42,2025-12-28 00:00:00+00:00,2026-04-27 00:00:00+00:00,120,79
Russia,Chi-Chi-Erh,41,2025-12-21 00:00:00+00:00,2026-04-18 00:00:00+00:00,118,78
Iceland,Grindavik,36,2024-05-16 00:00:00+00:00,2024-06-19 00:00:00+00:00,34,0
Jamaica,Norman Gardens,36,2024-05-16 00:00:00+00:00,2024-06-19 00:00:00+00:00,34,0
Maldives,Felidhoo,34,2024-05-16 00:00:00+00:00,2024-06-17 00:00:00+00:00,32,0
Paraguay,Carreria,25,2024-05-31 00:00:00+00:00,2026-04-27 00:00:00+00:00,696,672
Paraguay,Pasto,25,2024-05-16 00:00:00+00:00,2024-06-19 00:00:00+00:00,34,11
Palau,Adkip,20,2024-05-31 00:00:00+00:00,2024-06-19 00:00:00+00:00,19,0
Cameroon,Bafoussam,18,2024-05-31 00:00:00+00:00,2024-06-19 00:00:00+00:00,19,2
Costa Rica,San Juan,16,2024-05-16 00:00:00+00:00,2024-05-30 00:00:00+00:00,14,0
Paraguay,Sartorio,16,2026-02-20 00:00:00+00:00,2026-06-14 00:00:00+00:00,114,99
Belgium,'S Gravenstaffel,16,2024-05-16 00:00:00+00:00,2024-05-30 00:00:00+00:00,14,0
United States of America,Washington Park,16,2024-05-16 00:00:00+00:00,2024-05-30 00:00:00+00:00,14,0
Myanmar,Pathein,16,2024-05-16 00:00:00+00:00,2024-05-30 00:00:00+00:00,14,0
Cameroon,Yaounde,16,2024-05-16 00:00:00+00:00,2024-05-30 00:00:00+00:00,14,0
Palau,Meyungs,16,2024-05-16 00:00:00+00:00,2024-05-30 00:00:00+00:00,14,1
Russia,Lom,12,2024-06-20 00:00:00+00:00,2024-07-12 00:00:00+00:00,22,11
Iceland,Abaer,12,2026-06-05 00:00:00+00:00,2026-06-16 00:00:00+00:00,11,0
Belgium,'S Gravenjansdyk,12,2024-06-02 00:00:00+00:00,2024-06-19 00:00:00+00:00,17,6
Costa Rica,San Andres,12,2026-06-05 00:00:00+00:00,2026-06-16 00:00:00+00:00,11,0
Senegal,Mbabane,12,2026-06-05 00:00:00+00:00,2026-06-16 00:00:00+00:00,11,0
Palau,Aakip,8,2026-06-06 00:00:00+00:00,2026-06-16 00:00:00+00:00,10,3
Cameroon,Aba,7,2026-06-05 00:00:00+00:00,2026-06-16 00:00:00+00:00,11,5
Myanmar,Namawbin,6,2026-06-05 00:00:00+00:00,2026-06-16 00:00:00+00:00,11,6
Jamaica,Bournemouth Gardens,5,2026-06-05 00:00:00+00:00,2026-06-16 00:00:00+00:00,11,7
Cameroon,Ninga,5,2026-06-06 00:00:00+00:00,2026-06-14 00:00:00+00:00,8,4
Palau,Achelap,4,2026-06-05 00:00:00+00:00,2026-06-13 00:00:00+00:00,8,5
Myanmar,Yanngwa,3,2026-06-10 00:00:00+00:00,2026-06-15 00:00:00+00:00,5,3
Norway,Lom,3,2026-06-09 00:00:00+00:00,2026-06-16 00:00:00+00:00,7,5
Myanmar,Abazu,3,2026-06-07 00:00:00+00:00,2026-06-09 00:00:00+00:00,2,0
United States of America,New York,3,2024-06-25 00:00:00+00:00,2026-06-04 00:00:00+00:00,709,708
Australia,Melbourne,2,2024-06-25 00:00:00+00:00,2026-06-04 00:00:00+00:00,709,708
Maldives,Male,2,2024-06-25 00:00:00+00:00,2026-06-04 00:00:00+00:00,709,708
Brazil,Sao Paulo,2,2024-06-25 00:00:00+00:00,2026-06-04 00:00:00+00:00,709,708
Togo,Lome,2,2024-06-25 00:00:00+00:00,2026-06-04 00:00:00+00:00,709,708
Colombia,Bogota,2,2024-06-25 00:00:00+00:00,2026-06-04 00:00:00+00:00,709,708
Paraguay,Asuncion,2,2024-06-25 00:00:00+00:00,2026-06-04 00:00:00+00:00,709,708
Ethiopia,Addis Abeba,2,2024-06-25 00:00:00+00:00,2026-06-04 00:00:00+00:00,709,708
Kenya,Mombasa,2,2024-06-25 00:00:00+00:00,2026-06-04 00:00:00+00:00,709,708
Kosovo,Pristina,2,2024-06-25 00:00:00+00:00,2026-06-04 00:00:00+00:00,709,708
Indonesia,Bali,2,2024-06-25 00:00:00+00:00,2026-06-04 00:00:00+00:00,709,708
Vietnam,Ho Chi Minh City,2,2024-06-25 00:00:00+00:00,2026-06-04 00:00:00+00:00,709,708
Indonesia,Surabaya,2,2024-06-25 00:00:00+00:00,2026-06-04 00:00:00+00:00,709,708
Lao People's Democratic Republic,Vientiane,2,2024-06-25 00:00:00+00:00,2026-06-04 00:00:00+00:00,709,708
Libya,Tripoli,2,2024-06-25 00:00:00+00:00,2026-06-04 00:00:00+00:00,709,708
Jamaica,Newport East,2,2026-06-07 00:00:00+00:00,2026-06-09 00:00:00+00:00,2,1
Cambodia,Phnum Penh,2,2024-06-25 00:00:00+00:00,2026-06-04 00:00:00+00:00,709,708
Tonga,Nuku'alofa,2,2024-06-26 00:00:00+00:00,2026-06-04 00:00:00+00:00,708,707
Komoren,Moroni,1,2024-07-13 00:00:00+00:00,2024-07-13 00:00:00+00:00,0,0
Kuwait,Kuwait,1,2024-07-13 00:00:00+00:00,2024-07-13 00:00:00+00:00,0,0
Jemen,Sanaa,1,2024-07-13 00:00:00+00:00,2024-07-13 00:00:00+00:00,0,0
United States of America,Grenada,1,2026-06-04 00:00:00+00:00,2026-06-04 00:00:00+00:00,0,0
United States of America,Moroni,1,2026-06-04 00:00:00+00:00,2026-06-04 00:00:00+00:00,0,0
United States of America,Palau,1,2026-06-04 00:00:00+00:00,2026-06-04 00:00:00+00:00,0,0
Inde,New Delhi,1,2024-07-13 00:00:00+00:00,2024-07-13 00:00:00+00:00,0,0
Letonia,Riga,1,2024-07-13 00:00:00+00:00,2024-07-13 00:00:00+00:00,0,0
Polônia,Moldova,1,2024-07-13 00:00:00+00:00,2024-07-13 00:00:00+00:00,0,0
Philippines,Kiyabo,1,2024-07-13 00:00:00+00:00,2024-07-13 00:00:00+00:00,0,0
Mexique,Mexico (Grupo Mexico),1,2024-07-13 00:00:00+00:00,2024-07-13 00:00:00+00:00,0,0
Marrocos,Morocco City,1,2024-07-13 00:00:00+00:00,2024-07-13 00:00:00+00:00,0,0
Malásia,Ivory Ivory Ban,1,2024-07-13 00:00:00+00:00,2024-07-13 00:00:00+00:00,0,0
Estonie,Tallinn,1,2024-07-13 00:00:00+00:00,2024-07-13 00:00:00+00:00,0,0
China,Beijing Shi,1,2024-07-13 00:00:00+00:00,2024-07-13 00:00:00+00:00,0,0
Saint-Vincent-et-les-Grenadines,Kingstown,1,2024-07-13 00:00:00+00:00,2024-07-13 00:00:00+00:00,0,0
Russia,Saint Petersburg,1,2024-06-25 00:00:00+00:00,2024-06-25 00:00:00+00:00,0,0
Saudi Arabien,Ar Riyadh,1,2024-07-13 00:00:00+00:00,2024-07-13 00:00:00+00:00,0,0
San Marino,City Of San Marino,1,2024-07-13 00:00:00+00:00,2024-07-13 00:00:00+00:00,0,0
Südkorea,Seoul,1,2024-07-13 00:00:00+00:00,2024-07-13 00:00:00+00:00,0,0
Bélgica,Bern,1,2024-07-13 00:00:00+00:00,2024-07-13 00:00:00+00:00,0,0
Turkménistan,Krasnyy Turkmenistan,1,2024-07-13 00:00:00+00:00,2024-07-13 00:00:00+00:00,0,0
USA United States of America,Palau,1,2024-06-25 00:00:00+00:00,2024-06-25 00:00:00+00:00,0,0
USA United States of America,Moroni,1,2024-06-25 00:00:00+00:00,2024-06-25 00:00:00+00:00,0,0
USA United States of America,Grenada,1,2024-06-25 00:00:00+00:00,2024-06-25 00:00:00+00:00,0,0
Гватемала,New Guatemala,1,2024-07-13 00:00:00+00:00,2024-07-13 00:00:00+00:00,0,0
Польша,Beirut,1,2024-07-13 00:00:00+00:00,2024-07-13 00:00:00+00:00,0,0
Турция,Yaren,1,2024-07-13 00:00:00+00:00,2024-07-13 00:00:00+00:00,0,0
كولومبيا,Costa Rica,1,2024-07-13 00:00:00+00:00,2024-07-13 00:00:00+00:00,0,0
火鸡,-Kingdom,1,2024-07-13 00:00:00+00:00,2024-07-13 00:00:00+00:00,0,0
